,name,link,description,pricing_model,rating,category
0,Hostinger,https://www.futurepedia.io/tool/hostinger,"Create professional websites effortlessly with AI-generated content, built-in SEO tools, and 24/7 support.",Free Trial,0,marketing
1,Namelix,https://www.futurepedia.io/tool/namelix,"AI-driven, generates memorable, brandable business names efficiently.",Free,4.2,marketing
2,Piggy,https://www.futurepedia.io/tool/piggy,"Transforming mobile content creation with AI-driven customization, real-time editing, and seamless sharing for creators on the go.",Free,4.5,marketing
3,Writesonic,https://www.futurepedia.io/tool/writesonic,"Boost productivity with AI: content, visuals, insights, and real-time data.",Freemium,5,marketing
4,Copy.ai,https://www.futurepedia.io/tool/copyai,Generate compelling copy that converts with the help of AI-powered Copy.ai,Freemium,0,marketing
5,Adcreative.ai,https://www.futurepedia.io/tool/adcreativeai,Create conversion-focused ads & posts quickly & easily for better results.,Free Trial,4,marketing
6,MarketingBlocks,https://www.futurepedia.io/tool/marketingblock-ai,"Unleash AI-powered content, design, and marketing efficiency in one platform.",Freemium,4.2,marketing
7,PowerMode AI,https://www.futurepedia.io/tool/powermode-ai,Optimize business operations with AI-driven insights and automation.,Free,3,marketing
8,SEO GPT,https://www.futurepedia.io/tool/seo-gpt,AI-driven SEO enhancer utilizing live data for unique content creation.,Free,0,marketing
9,Shuffll,https://www.futurepedia.io/tool/shuffll,"Revolutionize video production with AI: script to screen, fast, affordable, user-friendly.",Paid,4.777777777777778,marketing
10,Moonbeam,https://www.futurepedia.io/tool/moonbeam,Revolutionize long-form writing with AI-driven coherence and style versatility.,Free Trial,5,marketing
11,Build AI,https://www.futurepedia.io/tool/build-ai,"Build AI helps you quickly create and publish AI apps, with the ability to update and refine.",Contact for Pricing,0,marketing
